ポケモン１,ポケモン２,ポケモン３,勝利数,引き分け数,敗北数,対戦数,勝率(%),順位
マルマイン,ベロリンガ,ママンボウ,614,2,63,679,0.904270987,1
マルマイン,ベロリンガ,ミロカロス,578,1,100,679,0.851251841,2
マルマイン,マグカルゴ,ママンボウ,578,6,95,679,0.851251841,2
マルマイン,イワパレス,ママンボウ,575,1,103,679,0.846833579,4
ベロリンガ,ミロカロス,ママンボウ,573,0,106,679,0.843888071,5
ラフレシア,ベロリンガ,ママンボウ,570,4,105,679,0.839469809,6
マルマイン,アズマオウ,ミロカロス,566,3,110,679,0.833578792,7
マルマイン,ママンボウ,ファイヤロー,565,0,114,679,0.832106038,8
マルマイン,ミノマダム（ゴミのミノ）,ママンボウ,564,1,114,679,0.830633284,9
マルマイン,ミロカロス,ママンボウ,563,0,116,679,0.82916053,10
ベロリンガ,アズマオウ,ママンボウ,563,3,113,679,0.82916053,10
マルマイン,ハッサム,ママンボウ,561,0,118,679,0.826215022,12
マルマイン,ミロカロス,ミノマダム（ゴミのミノ）,560,2,117,679,0.824742268,13
マルマイン,アズマオウ,ママンボウ,557,1,121,679,0.820324006,14
マルマイン,ベロリンガ,ハッサム,554,0,125,679,0.815905744,15
マルマイン,ベロリンガ,イワパレス,551,2,126,679,0.811487482,16
ベロリンガ,ミノマダム（ゴミのミノ）,ママンボウ,550,2,127,679,0.810014728,17
ベロリンガ,ママンボウ,ファイヤロー,550,2,127,679,0.810014728,17
マルマイン,ベロリンガ,マグカルゴ,549,4,126,679,0.808541973,19
マルマイン,ベロリンガ,アズマオウ,547,0,132,679,0.805596465,20
マグカルゴ,ミロカロス,ママンボウ,546,3,130,679,0.804123711,21
ヤドラン,ベロリンガ,ママンボウ,545,4,130,679,0.802650957,22
マルマイン,ミロカロス,イワパレス,544,2,133,679,0.801178203,23
マルマイン,マグカルゴ,ミロカロス,541,2,136,679,0.796759941,24
マルマイン,ベロリンガ,ファイヤロー,533,4,142,679,0.784977909,25
マルマイン,ハッサム,ミロカロス,532,2,145,679,0.783505155,26
マルマイン,アズマオウ,イワパレス,531,0,148,679,0.782032401,27
マルマイン,ベロリンガ,ミノマダム（ゴミのミノ）,526,2,151,679,0.77466863,28
ヤドラン,ベロリンガ,ミロカロス,525,4,150,679,0.773195876,29
ベロリンガ,アズマオウ,ミロカロス,525,0,154,679,0.773195876,29
ブーバーン,ママンボウ,ファイヤロー,524,4,151,679,0.771723122,31
ヤドラン,マルマイン,ベロリンガ,522,2,155,679,0.768777614,32
マルマイン,ベロリンガ,オクタン,521,0,158,679,0.76730486,33
ラフレシア,マルマイン,ママンボウ,520,3,156,679,0.765832106,34
マルマイン,オクタン,ママンボウ,520,0,159,679,0.765832106,34
ベロリンガ,イワパレス,ママンボウ,520,6,153,679,0.765832106,34
ベロリンガ,ハッサム,ママンボウ,516,1,162,679,0.75994109,37
マルマイン,アズマオウ,マグカルゴ,515,1,163,679,0.758468336,38
アズマオウ,ミノマダム（ゴミのミノ）,ママンボウ,515,0,164,679,0.758468336,38
マルマイン,ミロカロス,ファイヤロー,513,0,166,679,0.755522828,40
マルマイン,ブーバーン,ママンボウ,511,0,168,679,0.75257732,41
ラフレシア,マルマイン,イワパレス,509,4,166,679,0.749631811,42
リザードン,ベロリンガ,ママンボウ,508,1,170,679,0.748159057,43
ラフレシア,ベロリンガ,ミロカロス,507,0,172,679,0.746686303,44
ブーバーン,イワパレス,ママンボウ,506,8,165,679,0.745213549,45
ラフレシア,ママンボウ,ファイヤロー,504,2,173,679,0.742268041,46
マグカルゴ,イワパレス,ママンボウ,503,7,169,679,0.740795287,47
ベロリンガ,ハッサム,ミロカロス,502,7,170,679,0.739322533,48
マグカルゴ,ママンボウ,ファイヤロー,500,1,178,679,0.736377025,49
ピクシー,マルマイン,ベロリンガ,498,5,176,679,0.733431517,50
ヤドラン,マルマイン,ママンボウ,498,1,180,679,0.733431517,50
ラフレシア,マルマイン,ベロリンガ,497,0,182,679,0.731958763,52
ベロリンガ,マグカルゴ,ママンボウ,497,3,179,679,0.731958763,52
ベロリンガ,ブーバーン,ママンボウ,497,3,179,679,0.731958763,52
ラフレシア,ベロリンガ,イワパレス,496,2,181,679,0.730486009,55
ベロリンガ,ミロカロス,ミノマダム（ゴミのミノ）,496,3,180,679,0.730486009,55
アズマオウ,イワパレス,ママンボウ,495,0,184,679,0.729013255,57
イワパレス,ママンボウ,ファイヤロー,495,5,179,679,0.729013255,57
ラフレシア,マルマイン,ミロカロス,494,3,182,679,0.727540501,59
ベロリンガ,ミロカロス,ファイヤロー,494,3,182,679,0.727540501,59
アズマオウ,ハッサム,ママンボウ,494,2,183,679,0.727540501,59
ベロリンガ,アズマオウ,イワパレス,493,2,184,679,0.726067747,62
リザードン,ベロリンガ,アズマオウ,492,1,186,679,0.724594993,63
ヤドラン,ベロリンガ,アズマオウ,492,0,187,679,0.724594993,63
ハッサム,ミロカロス,ママンボウ,492,3,184,679,0.724594993,63
ミノマダム（ゴミのミノ）,イワパレス,ママンボウ,492,7,180,679,0.724594993,63
リザードン,ベロリンガ,ミロカロス,490,2,187,679,0.721649485,67
ラフレシア,マルマイン,マグカルゴ,490,11,178,679,0.721649485,67
マルマイン,ベロリンガ,ブーバーン,489,2,188,679,0.72017673,69
ベロリンガ,ミロカロス,イワパレス,489,7,183,679,0.72017673,69
ベロリンガ,アズマオウ,ファイヤロー,488,0,191,679,0.718703976,71
アズマオウ,ミロカロス,ミノマダム（ゴミのミノ）,488,2,189,679,0.718703976,71
リザードン,マルマイン,ベロリンガ,486,0,193,679,0.715758468,73
リザードン,ピクシー,マルマイン,485,7,187,679,0.714285714,74
リザードン,マルマイン,アズマオウ,485,4,190,679,0.714285714,74
マルマイン,アズマオウ,ハッサム,485,0,194,679,0.714285714,74
マルマイン,ミロカロス,ブーバーン,484,2,193,679,0.71281296,77
リザードン,マルマイン,ミロカロス,482,2,195,679,0.709867452,78
ハッサム,ミロカロス,イワパレス,482,5,192,679,0.709867452,78
リザードン,マルマイン,マグカルゴ,480,4,195,679,0.706921944,80
ラフレシア,ミロカロス,ママンボウ,480,4,195,679,0.706921944,80
マルマイン,オクタン,ミロカロス,479,9,191,679,0.70544919,82
マグカルゴ,ミロカロス,イワパレス,479,5,195,679,0.70544919,82
マグカルゴ,ミノマダム（ゴミのミノ）,ママンボウ,479,5,195,679,0.70544919,82
ヤドラン,マルマイン,アズマオウ,478,2,199,679,0.703976436,85
ミノマダム（ゴミのミノ）,ママンボウ,ファイヤロー,478,6,195,679,0.703976436,85
リザードン,マルマイン,ママンボウ,477,2,200,679,0.702503682,87
ヤドラン,ベロリンガ,マグカルゴ,475,4,200,679,0.699558174,88
ヤドラン,ミロカロス,ママンボウ,475,3,201,679,0.699558174,88
ベロリンガ,アズマオウ,ハッサム,474,4,201,679,0.69808542,90
アズマオウ,ミロカロス,ママンボウ,472,1,206,679,0.695139912,91
マグカルゴ,ミロカロス,ファイヤロー,472,5,202,679,0.695139912,91
プクリン,マルマイン,ベロリンガ,471,2,206,679,0.693667158,93
ラフレシア,イワパレス,ママンボウ,468,4,207,679,0.689248895,94
リザードン,ラフレシア,マルマイン,467,5,207,679,0.687776141,95
ハッサム,ミノマダム（ゴミのミノ）,ママンボウ,467,4,208,679,0.687776141,95
リザードン,マルマイン,イワパレス,466,5,208,679,0.686303387,97
マルマイン,アズマオウ,ミノマダム（ゴミのミノ）,465,3,211,679,0.684830633,98
ラフレシア,ベロリンガ,アズマオウ,464,4,211,679,0.683357879,99
アズマオウ,ハッサム,ミロカロス,464,4,211,679,0.683357879,99
リザードン,ミロカロス,ママンボウ,463,3,213,679,0.681885125,101
ベロリンガ,オクタン,ママンボウ,462,2,215,679,0.680412371,102
アズマオウ,マグカルゴ,ママンボウ,462,3,214,679,0.680412371,102
ラフレシア,マルマイン,アズマオウ,459,4,216,679,0.675994109,104
マルマイン,アズマオウ,ファイヤロー,459,0,220,679,0.675994109,104
ベロリンガ,アズマオウ,マグカルゴ,459,1,219,679,0.675994109,104
ベロリンガ,アズマオウ,ミノマダム（ゴミのミノ）,459,5,215,679,0.675994109,104
ピクシー,マルマイン,アズマオウ,458,3,218,679,0.674521355,108
リザードン,アズマオウ,ママンボウ,457,1,221,679,0.673048601,109
マグカルゴ,ミロカロス,ミノマダム（ゴミのミノ）,457,4,218,679,0.673048601,109
ミロカロス,ミノマダム（ゴミのミノ）,ママンボウ,457,4,218,679,0.673048601,109
ヤドラン,アズマオウ,ママンボウ,455,2,222,679,0.670103093,112
ラフレシア,ブーバーン,ママンボウ,454,3,222,679,0.668630339,113
ヤドラン,マルマイン,ミロカロス,454,0,225,679,0.668630339,113
ラフレシア,アズマオウ,ママンボウ,452,2,225,679,0.665684831,115
ラフレシア,マグカルゴ,ママンボウ,452,3,224,679,0.665684831,115
ベロリンガ,マグカルゴ,ミロカロス,452,1,226,679,0.665684831,115
リザードン,ベロリンガ,イワパレス,451,3,225,679,0.664212077,118
ラフレシア,ハッサム,ママンボウ,450,2,227,679,0.662739323,119
ラフレシア,ミノマダム（ゴミのミノ）,ママンボウ,450,0,229,679,0.662739323,119
リザードン,アズマオウ,イワパレス,449,1,229,679,0.661266568,121
ヤドラン,ベロリンガ,オクタン,449,0,230,679,0.661266568,121
マルマイン,アズマオウ,オクタン,449,0,230,679,0.661266568,121
アズマオウ,ママンボウ,ファイヤロー,449,1,229,679,0.661266568,121
ピクシー,マルマイン,ママンボウ,448,8,223,679,0.659793814,125
ラフレシア,ベロリンガ,マグカルゴ,448,2,229,679,0.659793814,125
ベロリンガ,アズマオウ,ブーバーン,448,0,231,679,0.659793814,125
アズマオウ,ブーバーン,ママンボウ,448,3,228,679,0.659793814,125
ヤドラン,ミノマダム（ゴミのミノ）,ママンボウ,447,4,228,679,0.65832106,129
リザードン,ピクシー,ママンボウ,446,3,230,679,0.656848306,130
リザードン,マルマイン,ファイヤロー,446,4,229,679,0.656848306,130
リザードン,アズマオウ,ミロカロス,446,5,228,679,0.656848306,130
ピクシー,ベロリンガ,ママンボウ,446,3,230,679,0.656848306,130
マルマイン,アズマオウ,ブーバーン,445,0,234,679,0.655375552,134
ヤドラン,マグカルゴ,ママンボウ,444,2,233,679,0.653902798,135
マルマイン,マグカルゴ,ミノマダム（ゴミのミノ）,444,7,228,679,0.653902798,135
ラフレシア,ヤドラン,ママンボウ,442,5,232,679,0.65095729,137
ミロカロス,ママンボウ,ファイヤロー,442,6,231,679,0.65095729,137
ベロリンガ,ミロカロス,ブーバーン,441,3,235,679,0.649484536,139
アズマオウ,ミロカロス,イワパレス,440,4,235,679,0.648011782,140
リザードン,ミロカロス,イワパレス,439,3,237,679,0.646539028,141
ラフレシア,マルマイン,ファイヤロー,438,1,240,679,0.645066274,142
ラフレシア,アズマオウ,ミロカロス,438,3,238,679,0.645066274,142
ハッサム,ミロカロス,ミノマダム（ゴミのミノ）,438,3,238,679,0.645066274,142
ヤドラン,ベロリンガ,イワパレス,437,1,241,679,0.64359352,145
ハッサム,ママンボウ,ファイヤロー,437,4,238,679,0.64359352,145
ラフレシア,アズマオウ,イワパレス,436,1,242,679,0.642120766,147
ヤドラン,ベロリンガ,ハッサム,436,0,243,679,0.642120766,147
ヤドラン,ミロカロス,イワパレス,436,8,235,679,0.642120766,147
ハッサム,イワパレス,ママンボウ,436,8,235,679,0.642120766,147
ラフレシア,ミロカロス,ミノマダム（ゴミのミノ）,434,2,243,679,0.639175258,151
ヤドラン,アズマオウ,マグカルゴ,434,4,241,679,0.639175258,151
ヤドラン,イワパレス,ママンボウ,433,3,243,679,0.637702504,153
マルマイン,イワパレス,ファイヤロー,433,2,244,679,0.637702504,153
プクリン,マルマイン,アズマオウ,432,4,243,679,0.63622975,155
マルマイン,ミノマダム（ゴミのミノ）,イワパレス,432,3,244,679,0.63622975,155
ミノマダム（ゴミのミノ）,ブーバーン,ママンボウ,432,2,245,679,0.63622975,155
リザードン,ヤドラン,マルマイン,431,5,243,679,0.634756996,158
ラフレシア,ハッサム,ミロカロス,431,3,245,679,0.634756996,158
ヤドラン,ベロリンガ,ミノマダム（ゴミのミノ）,431,3,245,679,0.634756996,158
マルマイン,マグカルゴ,イワパレス,431,2,246,679,0.634756996,158
ベロリンガ,イワパレス,ファイヤロー,431,6,242,679,0.634756996,158
リザードン,マルマイン,ハッサム,430,2,247,679,0.633284242,163
リザードン,マルマイン,ミノマダム（ゴミのミノ）,429,1,249,679,0.631811487,164
ヤドラン,アズマオウ,ミロカロス,429,0,250,679,0.631811487,164
リザードン,ベロリンガ,マグカルゴ,427,1,251,679,0.628865979,166
ベロリンガ,ミノマダム（ゴミのミノ）,イワパレス,427,4,248,679,0.628865979,166
マルマイン,ブーバーン,イワパレス,426,3,250,679,0.627393225,168
アズマオウ,マグカルゴ,ミロカロス,426,1,252,679,0.627393225,168
プクリン,マルマイン,ママンボウ,425,12,242,679,0.625920471,170
リザードン,ラフレシア,ママンボウ,424,5,250,679,0.624447717,171
リザードン,ベロリンガ,ミノマダム（ゴミのミノ）,424,2,253,679,0.624447717,171
マルマイン,ハッサム,イワパレス,424,4,251,679,0.624447717,171
リザードン,ミロカロス,ミノマダム（ゴミのミノ）,423,2,254,679,0.622974963,174
ヤドラン,ハッサム,ママンボウ,423,6,250,679,0.622974963,174
ハッサム,マグカルゴ,ママンボウ,423,2,254,679,0.622974963,174
マグカルゴ,オクタン,ママンボウ,423,1,255,679,0.622974963,174
リザードン,ベロリンガ,ファイヤロー,422,1,256,679,0.621502209,178
リザードン,マルマイン,オクタン,421,2,256,679,0.620029455,179
ヤドラン,ママンボウ,ファイヤロー,421,1,257,679,0.620029455,179
ラフレシア,マグカルゴ,ミロカロス,420,1,258,679,0.618556701,181
リザードン,プクリン,ベロリンガ,418,2,259,679,0.615611193,182
リザードン,ベロリンガ,ハッサム,417,1,261,679,0.614138439,183
ラフレシア,ミロカロス,イワパレス,417,5,257,679,0.614138439,183
リザードン,ママンボウ,ファイヤロー,416,1,262,679,0.612665685,185
ラフレシア,ベロリンガ,ミノマダム（ゴミのミノ）,416,1,262,679,0.612665685,185
ヤドラン,ハッサム,ミロカロス,416,2,261,679,0.612665685,185
ミロカロス,イワパレス,ママンボウ,416,4,259,679,0.612665685,185
リザードン,ミノマダム（ゴミのミノ）,ママンボウ,415,1,263,679,0.611192931,189
リザードン,イワパレス,ママンボウ,415,1,263,679,0.611192931,189
ヤドラン,マルマイン,ハッサム,415,6,258,679,0.611192931,189
ヤドラン,マルマイン,イワパレス,415,2,262,679,0.611192931,189
ベロリンガ,アズマオウ,オクタン,415,2,262,679,0.611192931,189
ヤドラン,マルマイン,マグカルゴ,414,9,256,679,0.609720177,194
ヤドラン,マグカルゴ,ミロカロス,414,1,264,679,0.609720177,194
マグカルゴ,ミロカロス,ブーバーン,412,5,262,679,0.606774669,196
マグカルゴ,ブーバーン,ママンボウ,412,3,264,679,0.606774669,196
リザードン,マグカルゴ,ママンボウ,411,0,268,679,0.605301915,198
ラフレシア,マルマイン,オクタン,411,9,259,679,0.605301915,198
リザードン,ヤドラン,ミロカロス,410,0,269,679,0.603829161,200
マグカルゴ,イワパレス,ファイヤロー,410,5,264,679,0.603829161,200
ブーバーン,イワパレス,ファイヤロー,410,6,263,679,0.603829161,200
リザードン,アズマオウ,マグカルゴ,408,1,270,679,0.600883652,203
ハッサム,ブーバーン,ママンボウ,408,2,269,679,0.600883652,203
リザードン,ラフレシア,ミロカロス,407,3,269,679,0.599410898,205
ヤドラン,ミロカロス,ミノマダム（ゴミのミノ）,407,3,269,679,0.599410898,205
リザードン,ヤドラン,ベロリンガ,406,14,259,679,0.597938144,207
ベロリンガ,オクタン,ミロカロス,406,6,267,679,0.597938144,207
ベロリンガ,マグカルゴ,イワパレス,405,4,270,679,0.59646539,209
ピクシー,ベロリンガ,ミロカロス,404,0,275,679,0.594992636,210
リザードン,プクリン,マルマイン,403,7,269,679,0.593519882,211
ヤドラン,ベロリンガ,ファイヤロー,403,8,268,679,0.593519882,211
リザードン,ハッサム,ミロカロス,402,10,267,679,0.592047128,213
プクリン,ベロリンガ,ママンボウ,402,4,273,679,0.592047128,213
ラフレシア,ヤドラン,ミロカロス,402,5,272,679,0.592047128,213
ヤドラン,マルマイン,ファイヤロー,402,5,272,679,0.592047128,213
リザードン,ピクシー,ミロカロス,401,1,277,679,0.590574374,217
リザードン,ヤドラン,イワパレス,401,10,268,679,0.590574374,217
ラフレシア,イワパレス,ファイヤロー,401,3,275,679,0.590574374,217
マルマイン,オクタン,イワパレス,401,2,276,679,0.590574374,217
ラフレシア,ベロリンガ,ファイヤロー,400,0,279,679,0.58910162,221
ヤドラン,アズマオウ,ハッサム,398,0,281,679,0.586156112,222
リザードン,ラフレシア,ベロリンガ,397,5,277,679,0.584683358,223
リザードン,マルマイン,ブーバーン,397,5,277,679,0.584683358,223
ラフレシア,マルマイン,ミノマダム（ゴミのミノ）,397,1,281,679,0.584683358,223
ラフレシア,ベロリンガ,ハッサム,397,1,281,679,0.584683358,223
ラフレシア,ベロリンガ,オクタン,396,1,282,679,0.583210604,227
ラフレシア,ミノマダム（ゴミのミノ）,イワパレス,396,0,283,679,0.583210604,227
オクタン,ママンボウ,ファイヤロー,396,4,279,679,0.583210604,227
リザードン,ヤドラン,ママンボウ,394,4,281,679,0.580265096,230
ヤドラン,ベロリンガ,ブーバーン,394,6,279,679,0.580265096,230
マルマイン,ハッサム,マグカルゴ,394,3,282,679,0.580265096,230
ハッサム,ミロカロス,ファイヤロー,393,2,284,679,0.578792342,233
ラフレシア,アズマオウ,マグカルゴ,392,4,283,679,0.577319588,234
アズマオウ,オクタン,ミロカロス,391,9,279,679,0.575846834,235
マルマイン,ハッサム,オクタン,390,0,289,679,0.57437408,236
ハッサム,マグカルゴ,ミロカロス,389,1,289,679,0.572901325,237
ヤドラン,アズマオウ,イワパレス,388,6,285,679,0.571428571,238
リザードン,アズマオウ,ファイヤロー,386,1,292,679,0.568483063,239
ベロリンガ,ハッサム,イワパレス,386,3,290,679,0.568483063,239
ベロリンガ,ミノマダム（ゴミのミノ）,ファイヤロー,386,2,291,679,0.568483063,239
リザードン,マグカルゴ,ミロカロス,385,4,290,679,0.567010309,242
ヤドラン,ミロカロス,ファイヤロー,385,5,289,679,0.567010309,242
ヤドラン,ブーバーン,ママンボウ,385,1,293,679,0.567010309,242
ハッサム,イワパレス,ファイヤロー,385,2,292,679,0.567010309,242
マグカルゴ,オクタン,イワパレス,385,2,292,679,0.567010309,242
リザードン,ハッサム,ママンボウ,384,2,293,679,0.565537555,247
ラフレシア,マルマイン,ハッサム,384,5,290,679,0.565537555,247
ヤドラン,マルマイン,ミノマダム（ゴミのミノ）,382,5,292,679,0.562592047,249
ヤドラン,アズマオウ,ミノマダム（ゴミのミノ）,382,7,290,679,0.562592047,249
アズマオウ,ミノマダム（ゴミのミノ）,イワパレス,382,4,293,679,0.562592047,249
リザードン,ピクシー,アズマオウ,381,2,296,679,0.561119293,252
リザードン,プクリン,ママンボウ,381,8,290,679,0.561119293,252
ラフレシア,ミロカロス,ファイヤロー,380,2,297,679,0.559646539,254
マグカルゴ,ミノマダム（ゴミのミノ）,イワパレス,380,1,298,679,0.559646539,254
マルマイン,ミノマダム（ゴミのミノ）,ファイヤロー,379,1,299,679,0.558173785,256
ピクシー,ママンボウ,ファイヤロー,377,2,300,679,0.555228277,257
ラフレシア,マルマイン,ブーバーン,377,5,297,679,0.555228277,257
ラフレシア,マグカルゴ,イワパレス,376,5,298,679,0.553755523,259
リザードン,ラフレシア,アズマオウ,375,1,303,679,0.552282769,260
ピクシー,ラフレシア,マルマイン,375,3,301,679,0.552282769,260
ラフレシア,ヤドラン,マグカルゴ,374,3,302,679,0.550810015,262
ヤドラン,マルマイン,ブーバーン,374,5,300,679,0.550810015,262
マルマイン,マグカルゴ,ファイヤロー,374,0,305,679,0.550810015,262
リザードン,ベロリンガ,オクタン,373,0,306,679,0.549337261,265
アズマオウ,ミロカロス,ファイヤロー,373,1,305,679,0.549337261,265
ミノマダム（ゴミのミノ）,イワパレス,ファイヤロー,373,3,303,679,0.549337261,265
リザードン,ベロリンガ,ブーバーン,372,1,306,679,0.547864507,268
ラフレシア,ベロリンガ,ブーバーン,372,3,304,679,0.547864507,268
ベロリンガ,ブーバーン,イワパレス,370,10,299,679,0.544918999,270
ピクシー,ミロカロス,ママンボウ,369,2,308,679,0.543446244,271
ヤドラン,アズマオウ,オクタン,369,0,310,679,0.543446244,271
アズマオウ,ハッサム,イワパレス,369,7,303,679,0.543446244,271
マグカルゴ,オクタン,ミロカロス,369,12,298,679,0.543446244,271
リザードン,ピクシー,イワパレス,368,11,300,679,0.54197349,275
ラフレシア,ヤドラン,イワパレス,368,4,307,679,0.54197349,275
アズマオウ,オクタン,ママンボウ,368,0,311,679,0.54197349,275
ハッサム,ミノマダム（ゴミのミノ）,イワパレス,368,6,305,679,0.54197349,275
ピクシー,アズマオウ,ママンボウ,367,6,306,679,0.540500736,279
ラフレシア,ハッサム,イワパレス,367,7,305,679,0.540500736,279
マルマイン,オクタン,ミノマダム（ゴミのミノ）,367,0,312,679,0.540500736,279
リザードン,アズマオウ,ミノマダム（ゴミのミノ）,366,8,305,679,0.539027982,282
プクリン,ラフレシア,マルマイン,366,3,310,679,0.539027982,282
プクリン,ミロカロス,ママンボウ,366,2,311,679,0.539027982,282
ミロカロス,ブーバーン,ママンボウ,366,2,311,679,0.539027982,282
リザードン,ミロカロス,ファイヤロー,365,0,314,679,0.537555228,286
リザードン,ラフレシア,イワパレス,364,8,307,679,0.536082474,287
ラフレシア,ヤドラン,ベロリンガ,364,6,309,679,0.536082474,287
アズマオウ,マグカルゴ,イワパレス,364,3,312,679,0.536082474,287
リザードン,アズマオウ,ハッサム,363,0,316,679,0.53460972,290
ラフレシア,オクタン,ママンボウ,363,1,315,679,0.53460972,290
リザードン,プクリン,ミロカロス,362,4,313,679,0.533136966,292
リザードン,ヤドラン,アズマオウ,362,1,316,679,0.533136966,292
ピクシー,マルマイン,ミロカロス,362,5,312,679,0.533136966,292
ラフレシア,ヤドラン,マルマイン,361,3,315,679,0.531664212,295
マルマイン,ミノマダム（ゴミのミノ）,ブーバーン,361,0,318,679,0.531664212,295
ベロリンガ,ハッサム,ファイヤロー,360,0,319,679,0.530191458,297
マグカルゴ,ミノマダム（ゴミのミノ）,ファイヤロー,360,1,318,679,0.530191458,297
マグカルゴ,ブーバーン,イワパレス,360,8,311,679,0.530191458,297
ミロカロス,イワパレス,ファイヤロー,360,6,313,679,0.530191458,297
リザードン,ピクシー,ベロリンガ,359,8,312,679,0.528718704,301
リザードン,ラフレシア,マグカルゴ,359,9,311,679,0.528718704,301
ヤドラン,オクタン,ママンボウ,359,0,320,679,0.528718704,301
ピクシー,アズマオウ,ミロカロス,357,4,318,679,0.525773196,304
プクリン,ヤドラン,ミロカロス,357,3,319,679,0.525773196,304
ベロリンガ,マグカルゴ,ミノマダム（ゴミのミノ）,357,3,319,679,0.525773196,304
ピクシー,ミノマダム（ゴミのミノ）,ママンボウ,356,1,322,679,0.524300442,307
リザードン,プクリン,アズマオウ,355,4,320,679,0.522827688,308
プクリン,ママンボウ,ファイヤロー,355,2,322,679,0.522827688,308
マルマイン,マグカルゴ,オクタン,355,0,324,679,0.522827688,308
オクタン,ミロカロス,ママンボウ,355,1,323,679,0.522827688,308
リザードン,ミノマダム（ゴミのミノ）,イワパレス,354,2,323,679,0.521354934,312
ラフレシア,アズマオウ,ハッサム,354,2,323,679,0.521354934,312
ハッサム,オクタン,ママンボウ,353,1,325,679,0.51988218,314
ラフレシア,オクタン,ミロカロス,352,8,319,679,0.518409426,315
マルマイン,ブーバーン,ファイヤロー,352,0,327,679,0.518409426,315
ベロリンガ,ブーバーン,ファイヤロー,352,4,323,679,0.518409426,315
リザードン,アズマオウ,ブーバーン,351,5,323,679,0.516936672,318
ヤドラン,マルマイン,オクタン,351,1,327,679,0.516936672,318
リザードン,ヤドラン,マグカルゴ,350,0,329,679,0.515463918,320
ピクシー,ヤドラン,ミロカロス,349,5,325,679,0.513991163,321
ベロリンガ,マグカルゴ,ファイヤロー,349,1,329,679,0.513991163,321
ミロカロス,ミノマダム（ゴミのミノ）,イワパレス,349,8,322,679,0.513991163,321
ピクシー,マルマイン,マグカルゴ,348,9,322,679,0.512518409,324
ラフレシア,ブーバーン,イワパレス,348,4,327,679,0.512518409,324
リザードン,ヤドラン,ミノマダム（ゴミのミノ）,347,1,331,679,0.511045655,326
ヤドラン,ミロカロス,ブーバーン,347,3,329,679,0.511045655,326
マルマイン,オクタン,ファイヤロー,347,6,326,679,0.511045655,326
リザードン,ラフレシア,ファイヤロー,345,0,334,679,0.508100147,329
ピクシー,ベロリンガ,アズマオウ,345,1,333,679,0.508100147,329
アズマオウ,オクタン,ミノマダム（ゴミのミノ）,345,3,331,679,0.508100147,329
マグカルゴ,ブーバーン,ファイヤロー,345,0,334,679,0.508100147,329
リザードン,プクリン,ヤドラン,344,5,330,679,0.506627393,333
アズマオウ,オクタン,イワパレス,344,4,331,679,0.506627393,333
ヤドラン,アズマオウ,ブーバーン,343,1,335,679,0.505154639,335
ベロリンガ,オクタン,ファイヤロー,343,3,333,679,0.505154639,335
アズマオウ,マグカルゴ,ミノマダム（ゴミのミノ）,343,1,335,679,0.505154639,335
プクリン,ベロリンガ,ミロカロス,342,3,334,679,0.503681885,338
ピクシー,マルマイン,ミノマダム（ゴミのミノ）,340,1,338,679,0.500736377,339
ラフレシア,オクタン,イワパレス,339,3,337,679,0.499263623,340
マルマイン,ハッサム,ブーバーン,339,1,339,679,0.499263623,340
リザードン,ブーバーン,ママンボウ,338,4,337,679,0.497790869,342
プクリン,アズマオウ,ママンボウ,338,5,336,679,0.497790869,342
プクリン,アズマオウ,ミロカロス,337,2,340,679,0.496318115,344
ベロリンガ,ハッサム,マグカルゴ,337,2,340,679,0.496318115,344
ピクシー,ミロカロス,ミノマダム（ゴミのミノ）,336,1,342,679,0.494845361,346
ラフレシア,ミロカロス,ブーバーン,336,2,341,679,0.494845361,346
ヤドラン,アズマオウ,ファイヤロー,336,2,341,679,0.494845361,346
マルマイン,ハッサム,ミノマダム（ゴミのミノ）,336,5,338,679,0.494845361,346
マルマイン,マグカルゴ,ブーバーン,336,1,342,679,0.494845361,346
ベロリンガ,オクタン,イワパレス,336,2,341,679,0.494845361,346
アズマオウ,ミロカロス,ブーバーン,335,3,341,679,0.493372607,352
リザードン,プクリン,イワパレス,334,4,341,679,0.491899853,353
ラフレシア,マグカルゴ,ファイヤロー,334,2,343,679,0.491899853,353
ピクシー,イワパレス,ママンボウ,333,5,341,679,0.490427099,355
マグカルゴ,オクタン,ファイヤロー,333,1,345,679,0.490427099,355
ラフレシア,アズマオウ,ミノマダム（ゴミのミノ）,332,7,340,679,0.488954345,357
ラフレシア,アズマオウ,ファイヤロー,332,1,346,679,0.488954345,357
ベロリンガ,ハッサム,オクタン,332,3,344,679,0.488954345,357
アズマオウ,イワパレス,ファイヤロー,332,2,345,679,0.488954345,357
ハッサム,オクタン,イワパレス,332,0,347,679,0.488954345,357
ヤドラン,マグカルゴ,ミノマダム（ゴミのミノ）,331,2,346,679,0.487481591,362
マルマイン,ハッサム,ファイヤロー,331,4,344,679,0.487481591,362
リザードン,ラフレシア,ブーバーン,330,1,348,679,0.486008837,364
プクリン,マルマイン,ミロカロス,330,5,344,679,0.486008837,364
ヤドラン,マグカルゴ,イワパレス,330,3,346,679,0.486008837,364
ピクシー,マルマイン,ハッサム,329,2,348,679,0.484536082,367
プクリン,マルマイン,マグカルゴ,329,9,341,679,0.484536082,367
リザードン,ピクシー,ヤドラン,327,7,345,679,0.481590574,369
リザードン,ヤドラン,ハッサム,327,8,344,679,0.481590574,369
アズマオウ,ハッサム,オクタン,327,0,352,679,0.481590574,369
ハッサム,ミロカロス,ブーバーン,327,8,344,679,0.481590574,369
リザードン,アズマオウ,オクタン,326,1,352,679,0.48011782,373
リザードン,オクタン,ママンボウ,326,3,350,679,0.48011782,373
ピクシー,ヤドラン,ママンボウ,326,2,351,679,0.48011782,373
ラフレシア,アズマオウ,オクタン,324,2,353,679,0.477172312,376
ヤドラン,オクタン,ミロカロス,322,6,351,679,0.474226804,377
オクタン,ミロカロス,ファイヤロー,322,1,356,679,0.474226804,377
オクタン,ミノマダム（ゴミのミノ）,ママンボウ,322,1,356,679,0.474226804,377
プクリン,マルマイン,ミノマダム（ゴミのミノ）,321,3,355,679,0.47275405,380
ヤドラン,ミノマダム（ゴミのミノ）,イワパレス,321,3,355,679,0.47275405,380
ピクシー,ベロリンガ,マグカルゴ,320,0,359,679,0.471281296,382
リザードン,プクリン,マグカルゴ,319,1,359,679,0.469808542,383
リザードン,ラフレシア,ヤドラン,319,5,355,679,0.469808542,383
リザードン,マグカルゴ,イワパレス,318,1,360,679,0.468335788,385
プクリン,マルマイン,ファイヤロー,318,4,357,679,0.468335788,385
プクリン,マルマイン,ハッサム,317,5,357,679,0.466863034,387
ピクシー,アズマオウ,イワパレス,316,3,360,679,0.46539028,388
ピクシー,ハッサム,ママンボウ,316,3,360,679,0.46539028,388
プクリン,ベロリンガ,アズマオウ,316,1,362,679,0.46539028,388
マルマイン,オクタン,ブーバーン,315,4,360,679,0.463917526,391
ピクシー,プクリン,マルマイン,314,5,360,679,0.462444772,392
アズマオウ,ブーバーン,イワパレス,314,4,361,679,0.462444772,392
ハッサム,ブーバーン,イワパレス,314,9,356,679,0.462444772,392
ピクシー,マグカルゴ,ミロカロス,312,2,365,679,0.459499264,395
プクリン,イワパレス,ママンボウ,312,4,363,679,0.459499264,395
ピクシー,マルマイン,ファイヤロー,311,5,363,679,0.45802651,397
ミノマダム（ゴミのミノ）,ブーバーン,イワパレス,311,5,363,679,0.45802651,397
リザードン,オクタン,イワパレス,310,0,369,679,0.456553756,399
ベロリンガ,マグカルゴ,オクタン,310,0,369,679,0.456553756,399
ベロリンガ,オクタン,ミノマダム（ゴミのミノ）,310,2,367,679,0.456553756,399
ハッサム,オクタン,ミロカロス,310,9,360,679,0.456553756,399
ベロリンガ,ミノマダム（ゴミのミノ）,ブーバーン,309,1,369,679,0.455081001,403
リザードン,オクタン,ミロカロス,308,13,358,679,0.453608247,404
リザードン,イワパレス,ファイヤロー,308,0,371,679,0.453608247,404
アズマオウ,ミノマダム（ゴミのミノ）,ファイヤロー,308,0,371,679,0.453608247,404
ハッサム,マグカルゴ,ファイヤロー,308,2,369,679,0.453608247,404
リザードン,ラフレシア,オクタン,307,7,365,679,0.452135493,408
リザードン,ハッサム,イワパレス,307,3,369,679,0.452135493,408
リザードン,ミロカロス,ブーバーン,307,2,370,679,0.452135493,408
プクリン,ミロカロス,ミノマダム（ゴミのミノ）,307,2,370,679,0.452135493,408
ラフレシア,ハッサム,マグカルゴ,307,0,372,679,0.452135493,408
ヤドラン,ハッサム,オクタン,307,3,369,679,0.452135493,408
ミロカロス,ミノマダム（ゴミのミノ）,ファイヤロー,307,2,370,679,0.452135493,408
ピクシー,ラフレシア,ミロカロス,306,3,370,679,0.450662739,415
ベロリンガ,ハッサム,ミノマダム（ゴミのミノ）,306,2,371,679,0.450662739,415
アズマオウ,ハッサム,マグカルゴ,306,3,370,679,0.450662739,415
ピクシー,ベロリンガ,ファイヤロー,305,2,372,679,0.449189985,418
アズマオウ,ハッサム,ミノマダム（ゴミのミノ）,305,4,370,679,0.449189985,418
ラフレシア,アズマオウ,ブーバーン,304,3,372,679,0.447717231,420
ピクシー,マグカルゴ,ママンボウ,303,2,374,679,0.446244477,421
ハッサム,マグカルゴ,ミノマダム（ゴミのミノ）,303,7,369,679,0.446244477,421
オクタン,ブーバーン,ママンボウ,303,3,373,679,0.446244477,421
リザードン,ピクシー,ファイヤロー,302,5,372,679,0.444771723,424
プクリン,ヤドラン,ママンボウ,302,3,374,679,0.444771723,424
ハッサム,マグカルゴ,イワパレス,302,4,373,679,0.444771723,424
オクタン,イワパレス,ママンボウ,301,4,374,679,0.443298969,427
プクリン,ミノマダム（ゴミのミノ）,ママンボウ,300,4,375,679,0.441826215,428
オクタン,ミロカロス,ミノマダム（ゴミのミノ）,300,3,376,679,0.441826215,428
ミロカロス,ブーバーン,ファイヤロー,300,3,376,679,0.441826215,428
リザードン,ブーバーン,ファイヤロー,299,1,379,679,0.440353461,431
ピクシー,アズマオウ,マグカルゴ,299,1,379,679,0.440353461,431
ピクシー,ハッサム,ミロカロス,298,4,377,679,0.438880707,433
ピクシー,ブーバーン,ママンボウ,298,3,378,679,0.438880707,433
ヤドラン,イワパレス,ファイヤロー,298,2,379,679,0.438880707,433
ヤドラン,マグカルゴ,ファイヤロー,296,0,383,679,0.435935199,436
ベロリンガ,マグカルゴ,ブーバーン,296,1,382,679,0.435935199,436
リザードン,マグカルゴ,ファイヤロー,295,0,384,679,0.434462445,438
ヤドラン,オクタン,イワパレス,295,7,377,679,0.434462445,438
アズマオウ,マグカルゴ,ファイヤロー,295,0,384,679,0.434462445,438
オクタン,ミロカロス,イワパレス,295,7,377,679,0.434462445,438
リザードン,ブーバーン,イワパレス,294,4,381,679,0.432989691,442
ピクシー,ラフレシア,ママンボウ,294,3,382,679,0.432989691,442
ベロリンガ,ハッサム,ブーバーン,294,2,383,679,0.432989691,442
リザードン,ピクシー,マグカルゴ,293,8,378,679,0.431516937,445
リザードン,ハッサム,オクタン,291,1,387,679,0.428571429,446
ラフレシア,マグカルゴ,ミノマダム（ゴミのミノ）,291,5,383,679,0.428571429,446
アズマオウ,マグカルゴ,オクタン,291,0,388,679,0.428571429,446
アズマオウ,ミノマダム（ゴミのミノ）,ブーバーン,291,2,386,679,0.428571429,446
リザードン,マグカルゴ,ミノマダム（ゴミのミノ）,290,1,388,679,0.427098675,450
ピクシー,ヤドラン,マルマイン,290,7,382,679,0.427098675,450
プクリン,ベロリンガ,ファイヤロー,290,1,388,679,0.427098675,450
ラフレシア,ヤドラン,アズマオウ,290,3,386,679,0.427098675,450
ラフレシア,マグカルゴ,ブーバーン,289,1,389,679,0.42562592,454
リザードン,ハッサム,ミノマダム（ゴミのミノ）,288,1,390,679,0.424153166,455
オクタン,イワパレス,ファイヤロー,288,8,383,679,0.424153166,455
プクリン,マグカルゴ,ママンボウ,287,2,390,679,0.422680412,457
ベロリンガ,オクタン,ブーバーン,287,2,390,679,0.422680412,457
プクリン,マグカルゴ,ミロカロス,284,2,393,679,0.41826215,459
プクリン,ベロリンガ,マグカルゴ,283,0,396,679,0.416789396,460
リザードン,プクリン,ハッサム,282,5,392,679,0.415316642,461
リザードン,ヤドラン,ファイヤロー,282,4,393,679,0.415316642,461
リザードン,ハッサム,マグカルゴ,282,1,396,679,0.415316642,461
ピクシー,プクリン,ミロカロス,282,14,383,679,0.415316642,461
プクリン,ラフレシア,ミロカロス,280,3,396,679,0.412371134,465
プクリン,アズマオウ,イワパレス,280,4,395,679,0.412371134,465
ピクシー,ミロカロス,イワパレス,279,7,393,679,0.41089838,467
ヤドラン,ブーバーン,イワパレス,279,1,399,679,0.41089838,467
プクリン,ミロカロス,ファイヤロー,278,3,398,679,0.409425626,469
リザードン,ピクシー,ブーバーン,277,1,401,679,0.407952872,470
ピクシー,ヤドラン,マグカルゴ,277,6,396,679,0.407952872,470
ラフレシア,ヤドラン,ハッサム,277,0,402,679,0.407952872,470
ミロカロス,ブーバーン,イワパレス,277,7,395,679,0.407952872,470
リザードン,ヤドラン,オクタン,276,0,403,679,0.406480118,474
マグカルゴ,ミノマダム（ゴミのミノ）,ブーバーン,276,0,403,679,0.406480118,474
ピクシー,アズマオウ,ファイヤロー,275,0,404,679,0.405007364,476
ピクシー,ミロカロス,ファイヤロー,275,7,397,679,0.405007364,476
リザードン,プクリン,オクタン,274,4,401,679,0.40353461,478
プクリン,ヤドラン,マルマイン,274,7,398,679,0.40353461,478
リザードン,ピクシー,ハッサム,272,3,404,679,0.400589102,480
ラフレシア,ハッサム,オクタン,272,3,404,679,0.400589102,480
アズマオウ,ブーバーン,ファイヤロー,272,0,407,679,0.400589102,480
リザードン,ラフレシア,ハッサム,271,3,405,679,0.399116348,483
プクリン,ヤドラン,アズマオウ,271,5,403,679,0.399116348,483
プクリン,アズマオウ,マグカルゴ,271,1,407,679,0.399116348,483
ヤドラン,ハッサム,マグカルゴ,271,2,406,679,0.399116348,483
ヤドラン,オクタン,ミノマダム（ゴミのミノ）,270,1,408,679,0.397643594,487
ピクシー,ベロリンガ,イワパレス,269,1,409,679,0.396170839,488
プクリン,ハッサム,ミロカロス,269,6,404,679,0.396170839,488
マグカルゴ,オクタン,ミノマダム（ゴミのミノ）,269,4,406,679,0.396170839,488
リザードン,ピクシー,オクタン,268,2,409,679,0.394698085,491
プクリン,アズマオウ,ファイヤロー,268,0,411,679,0.394698085,491
ミノマダム（ゴミのミノ）,ブーバーン,ファイヤロー,268,1,410,679,0.394698085,491
プクリン,マルマイン,イワパレス,267,3,409,679,0.393225331,494
ピクシー,マルマイン,イワパレス,266,0,413,679,0.391752577,495
アズマオウ,マグカルゴ,ブーバーン,266,4,409,679,0.391752577,495
ピクシー,マルマイン,ブーバーン,265,6,408,679,0.390279823,497
ラフレシア,ヤドラン,ファイヤロー,265,1,413,679,0.390279823,497
アズマオウ,ハッサム,ブーバーン,265,2,412,679,0.390279823,497
マグカルゴ,オクタン,ブーバーン,265,0,414,679,0.390279823,497
ラフレシア,ブーバーン,ファイヤロー,264,2,413,679,0.388807069,501
ヤドラン,マグカルゴ,オクタン,264,0,415,679,0.388807069,501
プクリン,ブーバーン,ママンボウ,263,1,415,679,0.387334315,503
ヤドラン,ハッサム,イワパレス,263,2,414,679,0.387334315,503
アズマオウ,オクタン,ファイヤロー,263,0,416,679,0.387334315,503
プクリン,ベロリンガ,イワパレス,262,1,416,679,0.385861561,506
リザードン,ラフレシア,ミノマダム（ゴミのミノ）,261,0,418,679,0.384388807,507
プクリン,ミロカロス,イワパレス,261,5,413,679,0.384388807,507
ラフレシア,ミノマダム（ゴミのミノ）,ファイヤロー,261,1,417,679,0.384388807,507
リザードン,ピクシー,ミノマダム（ゴミのミノ）,260,5,414,679,0.382916053,510
アズマオウ,ハッサム,ファイヤロー,259,2,418,679,0.381443299,511
ミロカロス,ミノマダム（ゴミのミノ）,ブーバーン,258,1,420,679,0.379970545,512
リザードン,オクタン,ミノマダム（ゴミのミノ）,257,2,420,679,0.378497791,513
ピクシー,プクリン,ママンボウ,257,7,415,679,0.378497791,513
プクリン,ハッサム,ママンボウ,257,2,420,679,0.378497791,513
リザードン,ヤドラン,ブーバーン,256,1,422,679,0.377025037,516
リザードン,ハッサム,ファイヤロー,256,4,419,679,0.377025037,516
プクリン,ヤドラン,ベロリンガ,256,4,419,679,0.377025037,516
リザードン,ミノマダム（ゴミのミノ）,ファイヤロー,255,0,424,679,0.375552283,519
ピクシー,マグカルゴ,イワパレス,255,3,421,679,0.375552283,519
リザードン,マグカルゴ,ブーバーン,254,3,422,679,0.374079529,521
プクリン,ラフレシア,ママンボウ,253,5,421,679,0.372606775,522
オクタン,ミロカロス,ブーバーン,252,3,424,679,0.371134021,523
リザードン,ピクシー,プクリン,250,9,420,679,0.368188513,524
ハッサム,マグカルゴ,ブーバーン,249,8,422,679,0.366715758,525
ピクシー,ヤドラン,ベロリンガ,248,4,427,679,0.365243004,526
ピクシー,ベロリンガ,ハッサム,248,2,429,679,0.365243004,526
プクリン,ヤドラン,マグカルゴ,248,5,426,679,0.365243004,526
オクタン,ブーバーン,ファイヤロー,247,1,431,679,0.36377025,529
リザードン,プクリン,ラフレシア,246,5,428,679,0.362297496,530
プクリン,マルマイン,ブーバーン,246,10,423,679,0.362297496,530
ヤドラン,ハッサム,ミノマダム（ゴミのミノ）,245,5,429,679,0.360824742,532
ハッサム,ミノマダム（ゴミのミノ）,ファイヤロー,245,2,432,679,0.360824742,532
ピクシー,ヤドラン,アズマオウ,241,3,435,679,0.354933726,534
ラフレシア,ヤドラン,ブーバーン,241,5,433,679,0.354933726,534
ハッサム,オクタン,ミノマダム（ゴミのミノ）,241,0,438,679,0.354933726,534
リザードン,ピクシー,ラフレシア,240,6,433,679,0.353460972,537
ラフレシア,ハッサム,ファイヤロー,240,4,435,679,0.353460972,537
ピクシー,ベロリンガ,ミノマダム（ゴミのミノ）,239,3,437,679,0.351988218,539
ピクシー,アズマオウ,ハッサム,239,5,435,679,0.351988218,539
プクリン,ヤドラン,イワパレス,239,5,435,679,0.351988218,539
ハッサム,ブーバーン,ファイヤロー,239,0,440,679,0.351988218,539
ラフレシア,ヤドラン,ミノマダム（ゴミのミノ）,237,1,441,679,0.34904271,543
アズマオウ,オクタン,ブーバーン,237,3,439,679,0.34904271,543
リザードン,プクリン,ファイヤロー,236,1,442,679,0.347569956,545
リザードン,ハッサム,ブーバーン,236,1,442,679,0.347569956,545
リザードン,オクタン,ファイヤロー,236,4,439,679,0.347569956,545
ヤドラン,ミノマダム（ゴミのミノ）,ファイヤロー,236,0,443,679,0.347569956,545
オクタン,ミノマダム（ゴミのミノ）,ファイヤロー,236,3,440,679,0.347569956,545
ピクシー,ベロリンガ,ブーバーン,234,2,443,679,0.344624448,550
ピクシー,アズマオウ,ミノマダム（ゴミのミノ）,234,2,443,679,0.344624448,550
プクリン,ベロリンガ,ハッサム,234,4,441,679,0.344624448,550
ラフレシア,マグカルゴ,オクタン,234,2,443,679,0.344624448,550
ヤドラン,ブーバーン,ファイヤロー,234,1,444,679,0.344624448,550
プクリン,マグカルゴ,イワパレス,233,5,441,679,0.343151694,555
ヤドラン,マグカルゴ,ブーバーン,232,0,447,679,0.34167894,556
ピクシー,ラフレシア,マグカルゴ,231,6,442,679,0.340206186,557
ラフレシア,オクタン,ファイヤロー,231,3,445,679,0.340206186,557
ピクシー,ヤドラン,イワパレス,230,7,442,679,0.338733432,559
ピクシー,オクタン,ママンボウ,228,1,450,679,0.335787923,560
リザードン,プクリン,ミノマダム（ゴミのミノ）,227,2,450,679,0.334315169,561
ハッサム,ミノマダム（ゴミのミノ）,ブーバーン,227,0,452,679,0.334315169,561
オクタン,ミノマダム（ゴミのミノ）,イワパレス,227,12,440,679,0.334315169,561
オクタン,ブーバーン,イワパレス,226,11,442,679,0.332842415,564
プクリン,オクタン,ママンボウ,225,1,453,679,0.331369661,565
リザードン,マグカルゴ,オクタン,224,1,454,679,0.329896907,566
ピクシー,ラフレシア,アズマオウ,223,2,454,679,0.328424153,567
ラフレシア,オクタン,ブーバーン,222,0,457,679,0.326951399,568
ラフレシア,ハッサム,ブーバーン,221,0,458,679,0.325478645,569
ラフレシア,ミノマダム（ゴミのミノ）,ブーバーン,219,0,460,679,0.322533137,570
ピクシー,プクリン,アズマオウ,215,8,456,679,0.316642121,571
プクリン,イワパレス,ファイヤロー,215,2,462,679,0.316642121,571
ピクシー,イワパレス,ファイヤロー,214,4,461,679,0.315169367,573
リザードン,プクリン,ブーバーン,213,3,463,679,0.313696613,574
ピクシー,マグカルゴ,ファイヤロー,213,0,466,679,0.313696613,574
プクリン,ラフレシア,ファイヤロー,213,4,462,679,0.313696613,574
ピクシー,ラフレシア,ベロリンガ,211,1,467,679,0.310751105,577
プクリン,ラフレシア,アズマオウ,211,1,467,679,0.310751105,577
プクリン,ラフレシア,ベロリンガ,210,2,467,679,0.309278351,579
プクリン,アズマオウ,ハッサム,210,7,462,679,0.309278351,579
ハッサム,マグカルゴ,オクタン,210,8,461,679,0.309278351,579
ハッサム,オクタン,ファイヤロー,210,5,464,679,0.309278351,579
リザードン,ミノマダム（ゴミのミノ）,ブーバーン,207,1,471,679,0.304860088,583
ピクシー,オクタン,ミロカロス,207,3,469,679,0.304860088,583
プクリン,ベロリンガ,ブーバーン,207,2,470,679,0.304860088,583
リザードン,オクタン,ブーバーン,206,0,473,679,0.303387334,586
プクリン,ベロリンガ,ミノマダム（ゴミのミノ）,206,4,469,679,0.303387334,586
ヤドラン,ハッサム,ブーバーン,206,1,472,679,0.303387334,586
ヤドラン,オクタン,ファイヤロー,205,0,474,679,0.30191458,589
ピクシー,プクリン,ベロリンガ,202,3,474,679,0.297496318,590
ピクシー,マルマイン,オクタン,202,2,475,679,0.297496318,590
ピクシー,ベロリンガ,オクタン,202,1,476,679,0.297496318,590
ピクシー,アズマオウ,ブーバーン,201,0,478,679,0.296023564,593
プクリン,マグカルゴ,ファイヤロー,198,0,481,679,0.291605302,594
ラフレシア,オクタン,ミノマダム（ゴミのミノ）,198,0,481,679,0.291605302,594
ピクシー,ラフレシア,ファイヤロー,196,5,478,679,0.288659794,596
ヤドラン,ハッサム,ファイヤロー,195,1,483,679,0.28718704,597
ラフレシア,ヤドラン,オクタン,194,1,484,679,0.285714286,598
プクリン,ラフレシア,マグカルゴ,191,4,484,679,0.281296024,599
ピクシー,マグカルゴ,ブーバーン,189,0,490,679,0.278350515,600
ラフレシア,ハッサム,ミノマダム（ゴミのミノ）,189,1,489,679,0.278350515,600
ハッサム,オクタン,ブーバーン,189,0,490,679,0.278350515,600
ピクシー,ミノマダム（ゴミのミノ）,イワパレス,188,3,488,679,0.276877761,603
ピクシー,ハッサム,マグカルゴ,187,1,491,679,0.275405007,604
ピクシー,マグカルゴ,ミノマダム（ゴミのミノ）,187,0,492,679,0.275405007,604
ピクシー,プクリン,マグカルゴ,186,11,482,679,0.273932253,606
ヤドラン,ミノマダム（ゴミのミノ）,ブーバーン,186,2,491,679,0.273932253,606
ヤドラン,オクタン,ブーバーン,185,0,494,679,0.272459499,608
プクリン,アズマオウ,ミノマダム（ゴミのミノ）,183,3,493,679,0.269513991,609
ピクシー,アズマオウ,オクタン,176,1,502,679,0.259204713,610
ピクシー,ハッサム,イワパレス,176,5,498,679,0.259204713,610
オクタン,ミノマダム（ゴミのミノ）,ブーバーン,176,2,501,679,0.259204713,610
ピクシー,ラフレシア,イワパレス,175,4,500,679,0.257731959,613
プクリン,アズマオウ,ブーバーン,175,0,504,679,0.257731959,613
プクリン,ハッサム,マグカルゴ,173,1,505,679,0.254786451,615
ピクシー,ミロカロス,ブーバーン,172,5,502,679,0.253313697,616
プクリン,ヤドラン,ファイヤロー,172,0,507,679,0.253313697,616
ピクシー,ラフレシア,ブーバーン,171,3,505,679,0.251840943,618
ピクシー,マグカルゴ,オクタン,171,1,507,679,0.251840943,618
プクリン,ハッサム,イワパレス,171,3,505,679,0.251840943,618
ピクシー,ブーバーン,イワパレス,170,6,503,679,0.250368189,621
プクリン,ミロカロス,ブーバーン,170,3,506,679,0.250368189,621
プクリン,マグカルゴ,ブーバーン,169,0,510,679,0.248895434,623
プクリン,ミノマダム（ゴミのミノ）,イワパレス,168,8,503,679,0.24742268,624
プクリン,オクタン,ミロカロス,167,3,509,679,0.245949926,625
プクリン,マルマイン,オクタン,166,0,513,679,0.244477172,626
プクリン,アズマオウ,オクタン,166,2,511,679,0.244477172,626
ピクシー,ヤドラン,ファイヤロー,160,1,518,679,0.235640648,628
プクリン,ラフレシア,イワパレス,160,10,509,679,0.235640648,628
プクリン,ブーバーン,ファイヤロー,160,2,517,679,0.235640648,628
プクリン,ヤドラン,オクタン,159,0,520,679,0.234167894,631
プクリン,ベロリンガ,オクタン,158,2,519,679,0.23269514,632
プクリン,マグカルゴ,ミノマダム（ゴミのミノ）,158,2,519,679,0.23269514,632
ピクシー,ミノマダム（ゴミのミノ）,ファイヤロー,155,1,523,679,0.228276878,634
ピクシー,オクタン,イワパレス,153,1,525,679,0.22533137,635
ピクシー,ハッサム,オクタン,149,1,529,679,0.219440353,636
プクリン,ラフレシア,ヤドラン,149,0,530,679,0.219440353,636
ピクシー,プクリン,イワパレス,148,13,518,679,0.217967599,638
プクリン,ラフレシア,ブーバーン,145,5,529,679,0.213549337,639
プクリン,ミノマダム（ゴミのミノ）,ファイヤロー,144,1,534,679,0.212076583,640
ピクシー,ヤドラン,オクタン,143,0,536,679,0.210603829,641
ピクシー,ブーバーン,ファイヤロー,143,4,532,679,0.210603829,641
プクリン,ヤドラン,ハッサム,142,3,534,679,0.209131075,643
プクリン,マグカルゴ,オクタン,139,0,540,679,0.204712813,644
ピクシー,ヤドラン,ミノマダム（ゴミのミノ）,138,3,538,679,0.203240059,645
プクリン,オクタン,イワパレス,137,3,539,679,0.201767305,646
ピクシー,ハッサム,ファイヤロー,135,3,541,679,0.198821797,647
ピクシー,ヤドラン,ブーバーン,134,2,543,679,0.197349043,648
ピクシー,ラフレシア,オクタン,133,0,546,679,0.195876289,649
ピクシー,ヤドラン,ハッサム,133,2,544,679,0.195876289,649
ピクシー,プクリン,ヤドラン,131,8,540,679,0.192930781,651
ピクシー,ラフレシア,ミノマダム（ゴミのミノ）,131,2,546,679,0.192930781,651
プクリン,ヤドラン,ミノマダム（ゴミのミノ）,130,1,548,679,0.191458027,653
プクリン,ブーバーン,イワパレス,130,3,546,679,0.191458027,653
ピクシー,ラフレシア,ヤドラン,129,3,547,679,0.189985272,655
ピクシー,プクリン,ハッサム,127,5,547,679,0.187039764,656
ピクシー,ハッサム,ブーバーン,126,0,553,679,0.18556701,657
ピクシー,プクリン,ファイヤロー,125,5,549,679,0.184094256,658
ピクシー,ラフレシア,ハッサム,122,1,556,679,0.179675994,659
プクリン,ラフレシア,ミノマダム（ゴミのミノ）,122,2,555,679,0.179675994,659
プクリン,ミノマダム（ゴミのミノ）,ブーバーン,122,2,555,679,0.179675994,659
ピクシー,ハッサム,ミノマダム（ゴミのミノ）,121,0,558,679,0.17820324,662
プクリン,ハッサム,オクタン,121,0,558,679,0.17820324,662
プクリン,ハッサム,ファイヤロー,118,4,557,679,0.173784978,664
ピクシー,ミノマダム（ゴミのミノ）,ブーバーン,117,2,560,679,0.172312224,665
ピクシー,プクリン,ミノマダム（ゴミのミノ）,112,5,562,679,0.164948454,666
プクリン,ハッサム,ブーバーン,111,0,568,679,0.1634757,667
ピクシー,オクタン,ファイヤロー,110,2,567,679,0.162002946,668
プクリン,ラフレシア,オクタン,110,1,568,679,0.162002946,668
プクリン,ハッサム,ミノマダム（ゴミのミノ）,106,1,572,679,0.156111929,670
プクリン,ヤドラン,ブーバーン,104,1,574,679,0.153166421,671
ピクシー,プクリン,ブーバーン,103,1,575,679,0.151693667,672
プクリン,オクタン,ファイヤロー,102,2,575,679,0.150220913,673
プクリン,ラフレシア,ハッサム,93,1,585,679,0.136966127,674
ピクシー,オクタン,ブーバーン,90,0,589,679,0.132547865,675
ピクシー,オクタン,ミノマダム（ゴミのミノ）,88,0,591,679,0.129602356,676
ピクシー,プクリン,オクタン,86,0,593,679,0.126656848,677
ピクシー,プクリン,ラフレシア,84,2,593,679,0.12371134,678
プクリン,オクタン,ミノマダム（ゴミのミノ）,70,0,609,679,0.103092784,679
プクリン,オクタン,ブーバーン,68,0,611,679,0.100147275,680
